epoch,train_loss,val_loss,train_error1,val_error1,train_error5,val_error5
1,2.0841540408706667,1.8216158536911011,76.344,67.38,23.936000000000007,14.030000000000001
2,1.7704295455932617,1.6435539800643921,64.114,59.27,13.343999999999994,10.030000000000001
